Best Fitness (0),Diversity,numSimulations,Max. diversity,Min. diversity,Deviation,number of Elite,number of Mutation,number of XOver,number of Renew,number of Random,effectivity of Elite,effectivity of Mutation,effectivity of XOver,effectivity of Renew,effectivity of Random
0.2431,526.0107,50.0000,583.6303,454.8328,18.0692,0.0000,0.0000,0.0000,0.0000,0.0000,0.0000,0.0000,0.0000,0.0000,0.0000
0.2431,503.8249,37.0000,591.2146,50.0047,95.0833,8.0000,20.0000,15.0000,2.0000,5.0000,0.0000,0.0000,0.0000,0.0000,0.0000
0.3069,476.0717,37.0000,586.2900,54.5510,121.4386,8.0000,20.0000,15.0000,2.0000,5.0000,0.5000,0.1000,0.1333,0.0000,0.0000
0.3069,453.9070,37.0000,605.3851,49.9331,133.2065,8.0000,20.0000,15.0000,2.0000,5.0000,0.5000,0.1000,0.1333,0.0000,0.0000
0.3069,451.4209,37.0000,596.2597,52.8860,129.5750,8.0000,20.0000,15.0000,2.0000,5.0000,1.0000,0.0000,0.0000,0.0000,0.0000
0.3069,455.7322,37.0000,604.9349,53.6593,124.3841,8.0000,20.0000,15.0000,2.0000,5.0000,0.8750,0.0000,0.0667,0.0000,0.0000
0.3069,450.7145,37.0000,611.9631,46.2133,125.3072,8.0000,20.0000,15.0000,2.0000,5.0000,1.0000,0.0000,0.0000,0.0000,0.0000
0.3069,449.1912,37.0000,626.2865,23.6967,122.6461,8.0000,20.0000,15.0000,2.0000,5.0000,0.6250,0.1000,0.0667,0.0000,0.0000
0.3069,446.7847,37.0000,627.0722,66.4122,129.8091,8.0000,20.0000,15.0000,2.0000,5.0000,1.0000,0.0000,0.0000,0.0000,0.0000
0.3069,453.3804,37.0000,623.0997,55.8596,128.2872,8.0000,20.0000,15.0000,2.0000,5.0000,0.8750,0.0500,0.0000,0.0000,0.0000
0.3069,451.1915,37.0000,623.6959,70.3703,136.4556,8.0000,20.0000,15.0000,2.0000,5.0000,0.8750,0.0500,0.0000,0.0000,0.0000
0.3069,443.0804,37.0000,619.6440,49.7135,131.9011,8.0000,20.0000,15.0000,2.0000,5.0000,0.3750,0.0500,0.2667,0.0000,0.0000
0.3069,440.8417,37.0000,615.8530,49.7135,124.9973,8.0000,20.0000,15.0000,2.0000,5.0000,0.8750,0.0000,0.0667,0.0000,0.0000
0.3069,397.6811,37.0000,608.3073,13.3251,118.1994,8.0000,20.0000,15.0000,2.0000,5.0000,0.6250,0.1000,0.0667,0.0000,0.0000
0.3069,393.4493,37.0000,620.4393,19.5572,117.1612,8.0000,20.0000,15.0000,2.0000,5.0000,0.8750,0.0000,0.0667,0.0000,0.0000
0.3069,413.2077,37.0000,625.1339,52.2965,124.6113,8.0000,20.0000,15.0000,2.0000,5.0000,0.8750,0.0000,0.0667,0.0000,0.0000
0.3069,400.1760,37.0000,610.7148,43.2934,117.2062,8.0000,20.0000,15.0000,2.0000,5.0000,0.8750,0.0000,0.0667,0.0000,0.0000
0.3069,377.1255,37.0000,622.8574,52.2965,114.8019,8.0000,20.0000,15.0000,2.0000,5.0000,1.0000,0.0000,0.0000,0.0000,0.0000
0.3069,399.7900,37.0000,615.4401,51.3758,124.9727,8.0000,20.0000,15.0000,2.0000,5.0000,0.8750,0.0500,0.0000,0.0000,0.0000
0.3069,394.6066,37.0000,642.8872,24.8684,125.5425,8.0000,20.0000,15.0000,2.0000,5.0000,0.8750,0.0500,0.0000,0.0000,0.0000
0.3069,368.5731,37.0000,618.9073,25.0389,115.1755,8.0000,20.0000,15.0000,2.0000,5.0000,1.0000,0.0000,0.0000,0.0000,0.0000
0.3069,413.3957,37.0000,606.7015,25.0389,127.9092,8.0000,20.0000,15.0000,2.0000,5.0000,1.0000,0.0000,0.0000,0.0000,0.0000
0.3069,430.8249,37.0000,628.9300,19.5572,137.6414,8.0000,20.0000,15.0000,2.0000,5.0000,1.0000,0.0000,0.0000,0.0000,0.0000
0.3069,401.1945,37.0000,624.7750,52.2965,123.3163,8.0000,20.0000,15.0000,2.0000,5.0000,1.0000,0.0000,0.0000,0.0000,0.0000
0.3069,379.1450,37.0000,607.0534,43.8245,115.4971,8.0000,20.0000,15.0000,2.0000,5.0000,0.8750,0.0500,0.0000,0.0000,0.0000
0.3069,403.2949,37.0000,621.6454,23.4250,122.2184,8.0000,20.0000,15.0000,2.0000,5.0000,1.0000,0.0000,0.0000,0.0000,0.0000
0.3069,396.4262,37.0000,607.8079,21.2061,113.0300,8.0000,20.0000,15.0000,2.0000,5.0000,0.8750,0.0000,0.0667,0.0000,0.0000
0.3069,399.0300,37.0000,635.3327,12.7407,117.2178,8.0000,20.0000,15.0000,2.0000,5.0000,1.0000,0.0000,0.0000,0.0000,0.0000
0.3069,417.1871,37.0000,616.2833,25.3856,119.0154,8.0000,20.0000,15.0000,2.0000,5.0000,1.0000,0.0000,0.0000,0.0000,0.0000
0.3069,402.7111,37.0000,631.1953,37.2598,114.4165,8.0000,20.0000,15.0000,2.0000,5.0000,1.0000,0.0000,0.0000,0.0000,0.0000
0.3069,390.1500,37.0000,610.1700,13.8867,113.6894,8.0000,20.0000,15.0000,2.0000,5.0000,1.0000,0.0000,0.0000,0.0000,0.0000
0.3069,374.5279,37.0000,623.2820,12.6325,120.5182,8.0000,20.0000,15.0000,2.0000,5.0000,1.0000,0.0000,0.0000,0.0000,0.0000
0.3069,385.6965,37.0000,608.1964,20.6442,122.8133,8.0000,20.0000,15.0000,2.0000,5.0000,1.0000,0.0000,0.0000,0.0000,0.0000
0.3069,390.9618,37.0000,633.6088,60.8315,113.5456,8.0000,20.0000,15.0000,2.0000,5.0000,1.0000,0.0000,0.0000,0.0000,0.0000
0.3069,402.0281,37.0000,628.2068,56.7225,110.0755,8.0000,20.0000,15.0000,2.0000,5.0000,0.8750,0.0500,0.0000,0.0000,0.0000
0.3069,412.5487,37.0000,628.1917,63.6223,117.7880,8.0000,20.0000,15.0000,2.0000,5.0000,1.0000,0.0000,0.0000,0.0000,0.0000
0.3069,418.6990,37.0000,634.3228,27.7723,125.5432,8.0000,20.0000,15.0000,2.0000,5.0000,0.7500,0.0500,0.0667,0.0000,0.0000
0.3069,399.3320,37.0000,618.2993,19.5572,134.9528,8.0000,20.0000,15.0000,2.0000,5.0000,1.0000,0.0000,0.0000,0.0000,0.0000
0.3069,433.6049,37.0000,614.9902,56.6658,120.2187,8.0000,20.0000,15.0000,2.0000,5.0000,1.0000,0.0000,0.0000,0.0000,0.0000
0.3123,418.7364,37.0000,610.0785,25.9128,123.1140,8.0000,20.0000,15.0000,2.0000,5.0000,0.8750,0.0500,0.0000,0.0000,0.0000
0.3123,419.0380,37.0000,634.6300,59.1566,127.7649,8.0000,20.0000,15.0000,2.0000,5.0000,0.6250,0.1500,0.0000,0.0000,0.0000
0.3123,429.3129,37.0000,633.9158,18.7281,129.6261,8.0000,20.0000,15.0000,2.0000,5.0000,0.8750,0.0500,0.0000,0.0000,0.0000
0.3123,413.7454,37.0000,619.1710,14.2370,130.1131,8.0000,20.0000,15.0000,2.0000,5.0000,0.8750,0.0000,0.0667,0.0000,0.0000
0.3271,395.9375,37.0000,639.7726,20.7839,133.8350,8.0000,20.0000,15.0000,2.0000,5.0000,0.6250,0.1000,0.0667,0.0000,0.0000
0.3271,386.6175,37.0000,614.7983,24.6554,128.4926,8.0000,20.0000,15.0000,2.0000,5.0000,0.8750,0.0500,0.0000,0.0000,0.0000
0.3280,389.3154,37.0000,613.5185,51.7081,136.7483,8.0000,20.0000,15.0000,2.0000,5.0000,1.0000,0.0000,0.0000,0.0000,0.0000
0.3280,377.5405,37.0000,608.3917,52.2392,131.4832,8.0000,20.0000,15.0000,2.0000,5.0000,0.7500,0.0500,0.0667,0.0000,0.0000
0.3285,385.4001,37.0000,615.8369,42.5988,138.0181,8.0000,20.0000,15.0000,2.0000,5.0000,1.0000,0.0000,0.0000,0.0000,0.0000
0.3285,385.2382,37.0000,658.6503,32.5938,128.4527,8.0000,20.0000,15.0000,2.0000,5.0000,0.8750,0.0000,0.0667,0.0000,0.0000
0.3285,383.6912,37.0000,606.8211,48.4469,118.9177,8.0000,20.0000,15.0000,2.0000,5.0000,1.0000,0.0000,0.0000,0.0000,0.0000
0.3285,396.5508,37.0000,616.4739,51.5222,116.1070,8.0000,20.0000,15.0000,2.0000,5.0000,0.8750,0.0000,0.0667,0.0000,0.0000
0.3285,409.1896,37.0000,624.2214,23.5241,126.6965,8.0000,20.0000,15.0000,2.0000,5.0000,1.0000,0.0000,0.0000,0.0000,0.0000
0.3360,413.1369,37.0000,668.3305,52.2392,130.7664,8.0000,20.0000,15.0000,2.0000,5.0000,1.0000,0.0000,0.0000,0.0000,0.0000
0.3360,425.7298,37.0000,635.6168,52.2392,126.4675,8.0000,20.0000,15.0000,2.0000,5.0000,0.8750,0.0000,0.0667,0.0000,0.0000
0.3360,395.7033,37.0000,634.0830,25.9176,144.9151,8.0000,20.0000,15.0000,2.0000,5.0000,1.0000,0.0000,0.0000,0.0000,0.0000
0.3360,403.1683,37.0000,657.4258,25.9176,143.3323,8.0000,20.0000,15.0000,2.0000,5.0000,1.0000,0.0000,0.0000,0.0000,0.0000
0.3360,410.0117,37.0000,656.0182,27.5804,148.7166,8.0000,20.0000,15.0000,2.0000,5.0000,1.0000,0.0000,0.0000,0.0000,0.0000
0.3360,403.5893,37.0000,631.2356,51.6962,129.3892,8.0000,20.0000,15.0000,2.0000,5.0000,0.8750,0.0000,0.0667,0.0000,0.0000
0.3360,384.8997,37.0000,652.6858,52.2392,142.5849,8.0000,20.0000,15.0000,2.0000,5.0000,0.8750,0.0000,0.0667,0.0000,0.0000
0.3360,329.8427,37.0000,667.1147,12.4785,136.5024,8.0000,20.0000,15.0000,2.0000,5.0000,1.0000,0.0000,0.0000,0.0000,0.0000
0.3360,292.8618,37.0000,627.4786,20.0998,108.0019,8.0000,20.0000,15.0000,2.0000,5.0000,1.0000,0.0000,0.0000,0.0000,0.0000
0.3360,272.1908,37.0000,600.7986,20.0998,106.5727,8.0000,20.0000,15.0000,2.0000,5.0000,1.0000,0.0000,0.0000,0.0000,0.0000
0.3360,294.1636,37.0000,605.3781,20.9610,102.4529,8.0000,20.0000,15.0000,2.0000,5.0000,1.0000,0.0000,0.0000,0.0000,0.0000
0.3360,297.8071,37.0000,619.4031,20.9610,106.7053,8.0000,20.0000,15.0000,2.0000,5.0000,1.0000,0.0000,0.0000,0.0000,0.0000
0.3360,304.7805,37.0000,597.3877,31.2445,106.2206,8.0000,20.0000,15.0000,2.0000,5.0000,0.8750,0.0000,0.0667,0.0000,0.0000
0.3360,296.4306,37.0000,601.8564,21.8662,106.9772,8.0000,20.0000,15.0000,2.0000,5.0000,1.0000,0.0000,0.0000,0.0000,0.0000
0.3360,280.8487,37.0000,596.1456,24.2573,107.6241,8.0000,20.0000,15.0000,2.0000,5.0000,1.0000,0.0000,0.0000,0.0000,0.0000
0.3360,284.6059,37.0000,588.7365,25.2812,100.1236,8.0000,20.0000,15.0000,2.0000,5.0000,1.0000,0.0000,0.0000,0.0000,0.0000
0.3360,280.1135,37.0000,623.4107,20.8707,112.3955,8.0000,20.0000,15.0000,2.0000,5.0000,1.0000,0.0000,0.0000,0.0000,0.0000
0.3360,292.4632,37.0000,596.9982,14.3926,101.2098,8.0000,20.0000,15.0000,2.0000,5.0000,1.0000,0.0000,0.0000,0.0000,0.0000
0.3360,295.4989,37.0000,598.7316,14.3926,101.7622,8.0000,20.0000,15.0000,2.0000,5.0000,1.0000,0.0000,0.0000,0.0000,0.0000
0.3360,296.9366,37.0000,598.3695,14.3926,105.0093,8.0000,20.0000,15.0000,2.0000,5.0000,1.0000,0.0000,0.0000,0.0000,0.0000
0.3360,321.1247,37.0000,598.0870,11.5526,117.7875,8.0000,20.0000,15.0000,2.0000,5.0000,1.0000,0.0000,0.0000,0.0000,0.0000
0.3360,309.9632,37.0000,620.4686,39.0410,119.6604,8.0000,20.0000,15.0000,2.0000,5.0000,1.0000,0.0000,0.0000,0.0000,0.0000
0.3360,276.8515,37.0000,582.2364,25.7690,104.0771,8.0000,20.0000,15.0000,2.0000,5.0000,1.0000,0.0000,0.0000,0.0000,0.0000
0.3360,284.4418,37.0000,595.2440,25.2206,104.6056,8.0000,20.0000,15.0000,2.0000,5.0000,1.0000,0.0000,0.0000,0.0000,0.0000
0.3360,294.4961,37.0000,626.9829,18.4801,107.9575,8.0000,20.0000,15.0000,2.0000,5.0000,0.8750,0.0000,0.0667,0.0000,0.0000
0.3360,293.6476,37.0000,625.9380,24.2573,104.1503,8.0000,20.0000,15.0000,2.0000,5.0000,1.0000,0.0000,0.0000,0.0000,0.0000
0.3491,290.2331,37.0000,624.9686,23.5005,107.4917,8.0000,20.0000,15.0000,2.0000,5.0000,1.0000,0.0000,0.0000,0.0000,0.0000
0.3491,282.6633,37.0000,572.9487,12.9041,102.1378,8.0000,20.0000,15.0000,2.0000,5.0000,0.6250,0.0000,0.2000,0.0000,0.0000
0.3491,278.1039,37.0000,589.5590,23.5005,108.8271,8.0000,20.0000,15.0000,2.0000,5.0000,1.0000,0.0000,0.0000,0.0000,0.0000
0.3491,272.1218,37.0000,614.2692,20.8707,109.8841,8.0000,20.0000,15.0000,2.0000,5.0000,1.0000,0.0000,0.0000,0.0000,0.0000
0.3491,268.0589,37.0000,620.5192,18.1386,114.5431,8.0000,20.0000,15.0000,2.0000,5.0000,0.7500,0.0000,0.1333,0.0000,0.0000
0.3491,276.9163,37.0000,622.8225,12.9041,109.4879,8.0000,20.0000,15.0000,2.0000,5.0000,1.0000,0.0000,0.0000,0.0000,0.0000
0.3491,345.5326,37.0000,608.5236,13.1976,139.6306,8.0000,20.0000,15.0000,2.0000,5.0000,1.0000,0.0000,0.0000,0.0000,0.0000
0.3540,277.4419,37.0000,611.5761,23.5005,106.0867,8.0000,20.0000,15.0000,2.0000,5.0000,1.0000,0.0000,0.0000,0.0000,0.0000
0.3540,274.0834,37.0000,624.4678,23.5005,108.4695,8.0000,20.0000,15.0000,2.0000,5.0000,0.8750,0.0000,0.0667,0.0000,0.0000
0.3540,258.3277,37.0000,599.8089,13.5522,107.2791,8.0000,20.0000,15.0000,2.0000,5.0000,1.0000,0.0000,0.0000,0.0000,0.0000
0.3540,264.4457,37.0000,614.5509,17.1281,114.0991,8.0000,20.0000,15.0000,2.0000,5.0000,1.0000,0.0000,0.0000,0.0000,0.0000
0.3540,264.3457,37.0000,565.9302,12.5859,106.7323,8.0000,20.0000,15.0000,2.0000,5.0000,1.0000,0.0000,0.0000,0.0000,0.0000
0.3540,261.9053,37.0000,612.0040,15.4666,108.4472,8.0000,20.0000,15.0000,2.0000,5.0000,1.0000,0.0000,0.0000,0.0000,0.0000
0.3540,262.9992,37.0000,612.8428,11.9335,111.8341,8.0000,20.0000,15.0000,2.0000,5.0000,1.0000,0.0000,0.0000,0.0000,0.0000
0.3675,267.7345,37.0000,620.1440,23.5005,112.3128,8.0000,20.0000,15.0000,2.0000,5.0000,1.0000,0.0000,0.0000,0.0000,0.0000
0.3675,271.3656,37.0000,586.0492,21.4556,109.0449,8.0000,20.0000,15.0000,2.0000,5.0000,0.8750,0.0000,0.0667,0.0000,0.0000
0.3675,267.5187,37.0000,610.8222,13.3978,121.2942,8.0000,20.0000,15.0000,2.0000,5.0000,1.0000,0.0000,0.0000,0.0000,0.0000
0.3675,257.9641,37.0000,584.7580,13.0027,110.3959,8.0000,20.0000,15.0000,2.0000,5.0000,1.0000,0.0000,0.0000,0.0000,0.0000
0.3675,251.2753,37.0000,589.6825,13.0027,114.7281,8.0000,20.0000,15.0000,2.0000,5.0000,1.0000,0.0000,0.0000,0.0000,0.0000
0.3675,279.3818,37.0000,600.0206,23.2263,113.7487,8.0000,20.0000,15.0000,2.0000,5.0000,1.0000,0.0000,0.0000,0.0000,0.0000
0.3675,267.1879,37.0000,613.7993,23.5005,117.0378,8.0000,20.0000,15.0000,2.0000,5.0000,1.0000,0.0000,0.0000,0.0000,0.0000
0.3675,262.5796,37.0000,605.7456,12.5681,113.1174,8.0000,20.0000,15.0000,2.0000,5.0000,1.0000,0.0000,0.0000,0.0000,0.0000
0.3675,282.9555,37.0000,617.0788,13.3319,133.3730,8.0000,20.0000,15.0000,2.0000,5.0000,1.0000,0.0000,0.0000,0.0000,0.0000
0.3675,279.5042,37.0000,620.9126,23.5005,140.8771,8.0000,20.0000,15.0000,2.0000,5.0000,1.0000,0.0000,0.0000,0.0000,0.0000
0.3675,258.0090,37.0000,594.2823,14.3046,113.2877,8.0000,20.0000,15.0000,2.0000,5.0000,1.0000,0.0000,0.0000,0.0000,0.0000
0.3675,306.3204,37.0000,606.5801,12.2670,152.6203,8.0000,20.0000,15.0000,2.0000,5.0000,1.0000,0.0000,0.0000,0.0000,0.0000
0.3675,269.7530,37.0000,641.0761,23.5005,129.3629,8.0000,20.0000,15.0000,2.0000,5.0000,1.0000,0.0000,0.0000,0.0000,0.0000
0.3675,253.5684,37.0000,590.6388,14.1661,108.7383,8.0000,20.0000,15.0000,2.0000,5.0000,1.0000,0.0000,0.0000,0.0000,0.0000
0.3675,258.0859,37.0000,631.5728,11.7541,116.7600,8.0000,20.0000,15.0000,2.0000,5.0000,1.0000,0.0000,0.0000,0.0000,0.0000
0.3675,259.7027,37.0000,598.0066,23.5005,108.9038,8.0000,20.0000,15.0000,2.0000,5.0000,1.0000,0.0000,0.0000,0.0000,0.0000
0.3675,239.3662,37.0000,596.5507,10.6693,114.5403,8.0000,20.0000,15.0000,2.0000,5.0000,1.0000,0.0000,0.0000,0.0000,0.0000
0.3675,268.1303,37.0000,599.3551,12.4142,113.2102,8.0000,20.0000,15.0000,2.0000,5.0000,1.0000,0.0000,0.0000,0.0000,0.0000
0.3675,256.7612,37.0000,607.5461,15.5847,113.3279,8.0000,20.0000,15.0000,2.0000,5.0000,1.0000,0.0000,0.0000,0.0000,0.0000
0.3675,264.6818,37.0000,621.8308,23.5005,116.7879,8.0000,20.0000,15.0000,2.0000,5.0000,1.0000,0.0000,0.0000,0.0000,0.0000
0.3675,275.6954,37.0000,607.2276,14.2824,113.2643,8.0000,20.0000,15.0000,2.0000,5.0000,0.7500,0.1000,0.0000,0.0000,0.0000
0.3675,279.2849,37.0000,612.9535,14.2824,108.7764,8.0000,20.0000,15.0000,2.0000,5.0000,1.0000,0.0000,0.0000,0.0000,0.0000
0.3675,312.2206,37.0000,611.1970,11.7900,141.6212,8.0000,20.0000,15.0000,2.0000,5.0000,1.0000,0.0000,0.0000,0.0000,0.0000
0.3675,268.8037,37.0000,626.4697,14.2824,112.2572,8.0000,20.0000,15.0000,2.0000,5.0000,1.0000,0.0000,0.0000,0.0000,0.0000
0.3675,271.6886,37.0000,601.8361,12.9885,110.8998,8.0000,20.0000,15.0000,2.0000,5.0000,1.0000,0.0000,0.0000,0.0000,0.0000
0.3675,248.0349,37.0000,585.7034,12.7524,108.9065,8.0000,20.0000,15.0000,2.0000,5.0000,1.0000,0.0000,0.0000,0.0000,0.0000
0.3675,252.0133,37.0000,609.1002,14.2824,110.2817,8.0000,20.0000,15.0000,2.0000,5.0000,1.0000,0.0000,0.0000,0.0000,0.0000
0.3675,254.3085,37.0000,586.6073,12.9918,107.7591,8.0000,20.0000,15.0000,2.0000,5.0000,1.0000,0.0000,0.0000,0.0000,0.0000
0.3675,271.3822,37.0000,600.9578,14.2824,109.7877,8.0000,20.0000,15.0000,2.0000,5.0000,1.0000,0.0000,0.0000,0.0000,0.0000
0.3675,268.9374,37.0000,607.5817,11.2841,110.0339,8.0000,20.0000,15.0000,2.0000,5.0000,1.0000,0.0000,0.0000,0.0000,0.0000
0.3675,248.3049,37.0000,607.4544,14.2824,109.5802,8.0000,20.0000,15.0000,2.0000,5.0000,1.0000,0.0000,0.0000,0.0000,0.0000
0.3675,256.1678,37.0000,613.9853,14.2824,112.0680,8.0000,20.0000,15.0000,2.0000,5.0000,1.0000,0.0000,0.0000,0.0000,0.0000
0.3675,253.5230,37.0000,589.5971,13.4609,112.2681,8.0000,20.0000,15.0000,2.0000,5.0000,1.0000,0.0000,0.0000,0.0000,0.0000
0.3675,276.9860,37.0000,596.8592,14.9817,108.7715,8.0000,20.0000,15.0000,2.0000,5.0000,1.0000,0.0000,0.0000,0.0000,0.0000
0.3675,288.0289,37.0000,607.1098,14.8948,109.3306,8.0000,20.0000,15.0000,2.0000,5.0000,0.8750,0.0000,0.0667,0.0000,0.0000
0.3675,276.8013,37.0000,613.8266,23.5005,110.9780,8.0000,20.0000,15.0000,2.0000,5.0000,1.0000,0.0000,0.0000,0.0000,0.0000
0.3675,264.3024,37.0000,608.5591,13.4051,111.1708,8.0000,20.0000,15.0000,2.0000,5.0000,1.0000,0.0000,0.0000,0.0000,0.0000
0.3675,321.5878,37.0000,607.2183,23.5005,115.5531,8.0000,20.0000,15.0000,2.0000,5.0000,0.8750,0.0500,0.0000,0.0000,0.0000
0.3675,303.3579,37.0000,629.9037,22.0034,113.9976,8.0000,20.0000,15.0000,2.0000,5.0000,1.0000,0.0000,0.0000,0.0000,0.0000
0.3675,281.3637,37.0000,603.0093,14.2824,124.4076,8.0000,20.0000,15.0000,2.0000,5.0000,1.0000,0.0000,0.0000,0.0000,0.0000
0.3675,292.8475,37.0000,599.4034,13.4609,147.0882,8.0000,20.0000,15.0000,2.0000,5.0000,1.0000,0.0000,0.0000,0.0000,0.0000
0.3675,275.8847,37.0000,601.8632,14.1983,111.8332,8.0000,20.0000,15.0000,2.0000,5.0000,1.0000,0.0000,0.0000,0.0000,0.0000
0.3675,269.0166,37.0000,594.0366,14.1983,108.0033,8.0000,20.0000,15.0000,2.0000,5.0000,1.0000,0.0000,0.0000,0.0000,0.0000
0.3675,269.3110,37.0000,610.4495,15.9181,113.1698,8.0000,20.0000,15.0000,2.0000,5.0000,1.0000,0.0000,0.0000,0.0000,0.0000
0.3675,276.8913,37.0000,619.4963,20.5646,114.8377,8.0000,20.0000,15.0000,2.0000,5.0000,1.0000,0.0000,0.0000,0.0000,0.0000
0.3675,253.1891,37.0000,597.8278,14.1983,107.2458,8.0000,20.0000,15.0000,2.0000,5.0000,1.0000,0.0000,0.0000,0.0000,0.0000
0.3675,262.6903,37.0000,597.4320,14.7210,106.9345,8.0000,20.0000,15.0000,2.0000,5.0000,1.0000,0.0000,0.0000,0.0000,0.0000
0.3675,260.2610,37.0000,626.5810,14.1983,108.6468,8.0000,20.0000,15.0000,2.0000,5.0000,1.0000,0.0000,0.0000,0.0000,0.0000
0.3675,266.8598,37.0000,586.8873,13.0529,107.2437,8.0000,20.0000,15.0000,2.0000,5.0000,0.7500,0.0500,0.0667,0.0000,0.0000
0.3675,269.9793,37.0000,622.3396,23.3849,111.1662,8.0000,20.0000,15.0000,2.0000,5.0000,1.0000,0.0000,0.0000,0.0000,0.0000
0.3675,262.9523,37.0000,611.7405,20.6459,114.9415,8.0000,20.0000,15.0000,2.0000,5.0000,1.0000,0.0000,0.0000,0.0000,0.0000
0.3675,347.4322,37.0000,631.6561,20.2312,162.5777,8.0000,20.0000,15.0000,2.0000,5.0000,0.7500,0.0000,0.1333,0.0000,0.0000
0.3675,347.1345,37.0000,638.2786,14.9913,158.6669,8.0000,20.0000,15.0000,2.0000,5.0000,1.0000,0.0000,0.0000,0.0000,0.0000
0.3675,335.5347,37.0000,637.4990,23.3849,158.1669,8.0000,20.0000,15.0000,2.0000,5.0000,1.0000,0.0000,0.0000,0.0000,0.0000
0.3675,337.1239,37.0000,616.4366,23.5005,128.5478,8.0000,20.0000,15.0000,2.0000,5.0000,1.0000,0.0000,0.0000,0.0000,0.0000
0.3675,316.1291,37.0000,598.2152,23.3849,116.6880,8.0000,20.0000,15.0000,2.0000,5.0000,1.0000,0.0000,0.0000,0.0000,0.0000
0.3675,314.2887,37.0000,637.2496,19.0956,120.3517,8.0000,20.0000,15.0000,2.0000,5.0000,1.0000,0.0000,0.0000,0.0000,0.0000
0.3675,329.8446,37.0000,612.2787,23.5005,122.0801,8.0000,20.0000,15.0000,2.0000,5.0000,1.0000,0.0000,0.0000,0.0000,0.0000
0.3675,327.6563,37.0000,631.8066,15.9181,113.1674,8.0000,20.0000,15.0000,2.0000,5.0000,1.0000,0.0000,0.0000,0.0000,0.0000
0.3675,285.4030,37.0000,599.5234,15.9181,110.4696,8.0000,20.0000,15.0000,2.0000,5.0000,1.0000,0.0000,0.0000,0.0000,0.0000
0.3675,298.3663,37.0000,622.4333,13.5939,116.6429,8.0000,20.0000,15.0000,2.0000,5.0000,1.0000,0.0000,0.0000,0.0000,0.0000
0.3675,288.9698,37.0000,624.9786,23.5005,111.2883,8.0000,20.0000,15.0000,2.0000,5.0000,0.8750,0.0000,0.0667,0.0000,0.0000
0.3675,288.7269,37.0000,677.6426,11.2614,118.6449,8.0000,20.0000,15.0000,2.0000,5.0000,1.0000,0.0000,0.0000,0.0000,0.0000
0.3675,259.4759,37.0000,604.9601,12.0266,114.1294,8.0000,20.0000,15.0000,2.0000,5.0000,1.0000,0.0000,0.0000,0.0000,0.0000
0.3675,267.2107,37.0000,612.8511,23.3849,107.4207,8.0000,20.0000,15.0000,2.0000,5.0000,0.8750,0.0000,0.0667,0.0000,0.0000
0.3675,274.6821,37.0000,611.1096,19.7568,108.6396,8.0000,20.0000,15.0000,2.0000,5.0000,1.0000,0.0000,0.0000,0.0000,0.0000
0.3675,275.3464,37.0000,611.1993,12.7129,110.7871,8.0000,20.0000,15.0000,2.0000,5.0000,1.0000,0.0000,0.0000,0.0000,0.0000
0.3675,294.9349,37.0000,605.3996,14.1983,133.0865,8.0000,20.0000,15.0000,2.0000,5.0000,1.0000,0.0000,0.0000,0.0000,0.0000
0.3675,271.8401,37.0000,619.7305,19.7568,112.4883,8.0000,20.0000,15.0000,2.0000,5.0000,0.8750,0.0500,0.0000,0.0000,0.0000
0.3675,267.7752,37.0000,637.0343,14.1983,119.8904,8.0000,20.0000,15.0000,2.0000,5.0000,1.0000,0.0000,0.0000,0.0000,0.0000
0.3675,271.4329,37.0000,609.7595,14.3189,115.1395,8.0000,20.0000,15.0000,2.0000,5.0000,0.8750,0.0500,0.0000,0.0000,0.0000
0.3675,264.1908,37.0000,614.2659,18.9019,111.9816,8.0000,20.0000,15.0000,2.0000,5.0000,1.0000,0.0000,0.0000,0.0000,0.0000
0.3675,280.5601,37.0000,624.4201,23.5005,114.3262,8.0000,20.0000,15.0000,2.0000,5.0000,1.0000,0.0000,0.0000,0.0000,0.0000
0.3675,273.3770,37.0000,615.0371,18.9019,116.9960,8.0000,20.0000,15.0000,2.0000,5.0000,1.0000,0.0000,0.0000,0.0000,0.0000
0.3675,266.2796,37.0000,611.8939,16.9591,115.8001,8.0000,20.0000,15.0000,2.0000,5.0000,1.0000,0.0000,0.0000,0.0000,0.0000
0.3675,285.6994,37.0000,635.8626,23.5005,111.5744,8.0000,20.0000,15.0000,2.0000,5.0000,1.0000,0.0000,0.0000,0.0000,0.0000
0.3675,282.3907,37.0000,647.1808,18.9019,117.3017,8.0000,20.0000,15.0000,2.0000,5.0000,1.0000,0.0000,0.0000,0.0000,0.0000
0.3675,278.8187,37.0000,631.7917,23.5005,116.6946,8.0000,20.0000,15.0000,2.0000,5.0000,1.0000,0.0000,0.0000,0.0000,0.0000
0.3675,273.0814,37.0000,630.8639,13.1355,113.5876,8.0000,20.0000,15.0000,2.0000,5.0000,1.0000,0.0000,0.0000,0.0000,0.0000
0.3675,271.0825,37.0000,609.5851,18.9019,110.9423,8.0000,20.0000,15.0000,2.0000,5.0000,1.0000,0.0000,0.0000,0.0000,0.0000
0.3675,264.7438,37.0000,592.3061,17.3682,109.0028,8.0000,20.0000,15.0000,2.0000,5.0000,1.0000,0.0000,0.0000,0.0000,0.0000
0.3675,280.0106,37.0000,611.1621,23.3849,108.8123,8.0000,20.0000,15.0000,2.0000,5.0000,1.0000,0.0000,0.0000,0.0000,0.0000
0.3675,268.1798,37.0000,618.4321,14.3189,112.4982,8.0000,20.0000,15.0000,2.0000,5.0000,1.0000,0.0000,0.0000,0.0000,0.0000
0.3675,259.3385,37.0000,623.9040,18.9019,112.5195,8.0000,20.0000,15.0000,2.0000,5.0000,1.0000,0.0000,0.0000,0.0000,0.0000
0.3675,263.4530,37.0000,621.2691,14.9565,115.4498,8.0000,20.0000,15.0000,2.0000,5.0000,1.0000,0.0000,0.0000,0.0000,0.0000
0.3675,255.0332,37.0000,612.7061,14.3189,115.2134,8.0000,20.0000,15.0000,2.0000,5.0000,1.0000,0.0000,0.0000,0.0000,0.0000
0.3675,261.5318,37.0000,630.2622,13.1979,122.6337,8.0000,20.0000,15.0000,2.0000,5.0000,1.0000,0.0000,0.0000,0.0000,0.0000
0.3675,264.4176,37.0000,611.8964,13.1122,112.6876,8.0000,20.0000,15.0000,2.0000,5.0000,1.0000,0.0000,0.0000,0.0000,0.0000
0.3675,285.1777,37.0000,628.2600,14.3189,116.7705,8.0000,20.0000,15.0000,2.0000,5.0000,1.0000,0.0000,0.0000,0.0000,0.0000
0.3675,287.3675,37.0000,635.2867,14.3189,118.7250,8.0000,20.0000,15.0000,2.0000,5.0000,1.0000,0.0000,0.0000,0.0000,0.0000
0.3675,291.9668,37.0000,633.8675,14.3189,127.5027,8.0000,20.0000,15.0000,2.0000,5.0000,1.0000,0.0000,0.0000,0.0000,0.0000
0.3675,270.8457,37.0000,646.5158,14.3189,118.9689,8.0000,20.0000,15.0000,2.0000,5.0000,1.0000,0.0000,0.0000,0.0000,0.0000
0.3675,275.5669,37.0000,621.7680,12.4747,111.1603,8.0000,20.0000,15.0000,2.0000,5.0000,1.0000,0.0000,0.0000,0.0000,0.0000
0.3675,260.6198,37.0000,611.7866,14.3189,115.5655,8.0000,20.0000,15.0000,2.0000,5.0000,1.0000,0.0000,0.0000,0.0000,0.0000
0.3675,268.4145,37.0000,611.1069,14.3189,115.2849,8.0000,20.0000,15.0000,2.0000,5.0000,1.0000,0.0000,0.0000,0.0000,0.0000
0.3675,252.2503,37.0000,588.0863,14.3189,113.4686,8.0000,20.0000,15.0000,2.0000,5.0000,1.0000,0.0000,0.0000,0.0000,0.0000
0.3675,264.1709,37.0000,609.9892,18.9019,111.5267,8.0000,20.0000,15.0000,2.0000,5.0000,1.0000,0.0000,0.0000,0.0000,0.0000
0.3675,274.2888,37.0000,608.3222,14.3189,107.5396,8.0000,20.0000,15.0000,2.0000,5.0000,1.0000,0.0000,0.0000,0.0000,0.0000
0.3675,304.2057,37.0000,598.5941,23.5005,118.5027,8.0000,20.0000,15.0000,2.0000,5.0000,1.0000,0.0000,0.0000,0.0000,0.0000
0.3675,263.2620,37.0000,598.8836,17.4031,112.7820,8.0000,20.0000,15.0000,2.0000,5.0000,1.0000,0.0000,0.0000,0.0000,0.0000
0.3675,257.5618,37.0000,616.7460,18.9019,115.8183,8.0000,20.0000,15.0000,2.0000,5.0000,1.0000,0.0000,0.0000,0.0000,0.0000
0.3675,270.7227,37.0000,612.3628,11.6292,115.1168,8.0000,20.0000,15.0000,2.0000,5.0000,1.0000,0.0000,0.0000,0.0000,0.0000
0.3718,272.2458,37.0000,596.8064,16.9591,112.1580,8.0000,20.0000,15.0000,2.0000,5.0000,1.0000,0.0000,0.0000,0.0000,0.0000
0.3718,276.8006,37.0000,593.9058,14.3189,118.1452,8.0000,20.0000,15.0000,2.0000,5.0000,0.8750,0.0000,0.0667,0.0000,0.0000
0.3718,271.2488,37.0000,640.0394,14.3189,116.8744,8.0000,20.0000,15.0000,2.0000,5.0000,1.0000,0.0000,0.0000,0.0000,0.0000
0.3718,262.7331,37.0000,605.6275,19.0706,113.8068,8.0000,20.0000,15.0000,2.0000,5.0000,1.0000,0.0000,0.0000,0.0000,0.0000
0.3718,263.4121,37.0000,603.2581,13.3789,114.2606,8.0000,20.0000,15.0000,2.0000,5.0000,1.0000,0.0000,0.0000,0.0000,0.0000
0.3718,267.0649,37.0000,623.0674,14.3189,111.8942,8.0000,20.0000,15.0000,2.0000,5.0000,1.0000,0.0000,0.0000,0.0000,0.0000
0.3718,273.7408,37.0000,637.9823,14.3189,120.3100,8.0000,20.0000,15.0000,2.0000,5.0000,1.0000,0.0000,0.0000,0.0000,0.0000
0.3718,282.2577,37.0000,604.9166,12.8948,113.3530,8.0000,20.0000,15.0000,2.0000,5.0000,1.0000,0.0000,0.0000,0.0000,0.0000
0.3718,273.8061,37.0000,599.5726,14.3189,109.6399,8.0000,20.0000,15.0000,2.0000,5.0000,1.0000,0.0000,0.0000,0.0000,0.0000
0.3718,283.3111,37.0000,616.9242,19.0651,114.1546,8.0000,20.0000,15.0000,2.0000,5.0000,1.0000,0.0000,0.0000,0.0000,0.0000
0.3718,281.8824,37.0000,617.2631,14.3189,114.0714,8.0000,20.0000,15.0000,2.0000,5.0000,1.0000,0.0000,0.0000,0.0000,0.0000
0.3718,316.2479,37.0000,620.2261,14.3189,135.8416,8.0000,20.0000,15.0000,2.0000,5.0000,1.0000,0.0000,0.0000,0.0000,0.0000
0.3718,280.9236,37.0000,624.2074,14.3189,119.4659,8.0000,20.0000,15.0000,2.0000,5.0000,1.0000,0.0000,0.0000,0.0000,0.0000
0.3718,274.1334,37.0000,605.7438,14.3189,113.7744,8.0000,20.0000,15.0000,2.0000,5.0000,1.0000,0.0000,0.0000,0.0000,0.0000
0.3718,264.6335,37.0000,614.0951,14.3189,113.6099,8.0000,20.0000,15.0000,2.0000,5.0000,1.0000,0.0000,0.0000,0.0000,0.0000
0.3761,252.2302,37.0000,629.5440,14.3189,117.1397,8.0000,20.0000,15.0000,2.0000,5.0000,1.0000,0.0000,0.0000,0.0000,0.0000
0.3761,261.1272,37.0000,594.9335,17.0668,112.6791,8.0000,20.0000,15.0000,2.0000,5.0000,0.8750,0.0000,0.0667,0.0000,0.0000
0.3761,259.8593,37.0000,587.1179,20.1826,112.9563,8.0000,20.0000,15.0000,2.0000,5.0000,1.0000,0.0000,0.0000,0.0000,0.0000
0.3761,287.8552,37.0000,614.8264,13.3789,114.6431,8.0000,20.0000,15.0000,2.0000,5.0000,1.0000,0.0000,0.0000,0.0000,0.0000
0.3761,288.4122,37.0000,609.3638,19.7076,112.8592,8.0000,20.0000,15.0000,2.0000,5.0000,1.0000,0.0000,0.0000,0.0000,0.0000
0.3761,316.4289,37.0000,651.8342,14.3189,138.3855,8.0000,20.0000,15.0000,2.0000,5.0000,1.0000,0.0000,0.0000,0.0000,0.0000
0.3761,288.3505,37.0000,591.6867,18.9019,107.4944,8.0000,20.0000,15.0000,2.0000,5.0000,1.0000,0.0000,0.0000,0.0000,0.0000
0.3761,255.1304,37.0000,620.0267,19.0706,113.7575,8.0000,20.0000,15.0000,2.0000,5.0000,1.0000,0.0000,0.0000,0.0000,0.0000
0.3761,277.4706,37.0000,604.7189,16.1260,115.8574,8.0000,20.0000,15.0000,2.0000,5.0000,1.0000,0.0000,0.0000,0.0000,0.0000
0.3761,268.4736,37.0000,603.3924,16.1260,114.4095,8.0000,20.0000,15.0000,2.0000,5.0000,1.0000,0.0000,0.0000,0.0000,0.0000
0.3761,278.1542,37.0000,610.3686,23.0101,115.6489,8.0000,20.0000,15.0000,2.0000,5.0000,1.0000,0.0000,0.0000,0.0000,0.0000
0.3761,270.6199,37.0000,621.7814,14.3189,115.2554,8.0000,20.0000,15.0000,2.0000,5.0000,1.0000,0.0000,0.0000,0.0000,0.0000
0.3761,267.5864,37.0000,596.0359,13.0558,111.0944,8.0000,20.0000,15.0000,2.0000,5.0000,1.0000,0.0000,0.0000,0.0000,0.0000
0.3761,326.8750,37.0000,626.1630,18.9019,157.9912,8.0000,20.0000,15.0000,2.0000,5.0000,1.0000,0.0000,0.0000,0.0000,0.0000
0.3761,281.3273,37.0000,635.2402,19.2125,116.7785,8.0000,20.0000,15.0000,2.0000,5.0000,1.0000,0.0000,0.0000,0.0000,0.0000
0.3761,280.0855,37.0000,642.0102,19.5962,117.0814,8.0000,20.0000,15.0000,2.0000,5.0000,1.0000,0.0000,0.0000,0.0000,0.0000
0.3761,267.3021,37.0000,595.5448,19.5962,113.5936,8.0000,20.0000,15.0000,2.0000,5.0000,1.0000,0.0000,0.0000,0.0000,0.0000
0.3761,268.9118,37.0000,625.0749,19.0956,116.8208,8.0000,20.0000,15.0000,2.0000,5.0000,1.0000,0.0000,0.0000,0.0000,0.0000
0.3761,256.2433,37.0000,609.1932,15.7132,113.5128,8.0000,20.0000,15.0000,2.0000,5.0000,1.0000,0.0000,0.0000,0.0000,0.0000
0.3761,258.2851,37.0000,609.8736,17.0668,115.0101,8.0000,20.0000,15.0000,2.0000,5.0000,1.0000,0.0000,0.0000,0.0000,0.0000
0.3761,266.6736,37.0000,629.4305,19.0956,116.4586,8.0000,20.0000,15.0000,2.0000,5.0000,1.0000,0.0000,0.0000,0.0000,0.0000
0.3761,273.1590,37.0000,643.1505,20.4061,117.2781,8.0000,20.0000,15.0000,2.0000,5.0000,1.0000,0.0000,0.0000,0.0000,0.0000
0.3761,269.5716,37.0000,616.6685,25.7690,114.5162,8.0000,20.0000,15.0000,2.0000,5.0000,1.0000,0.0000,0.0000,0.0000,0.0000
0.3761,274.7969,37.0000,608.9387,14.7279,114.1927,8.0000,20.0000,15.0000,2.0000,5.0000,1.0000,0.0000,0.0000,0.0000,0.0000
0.3761,283.7745,37.0000,609.4456,25.7690,110.6527,8.0000,20.0000,15.0000,2.0000,5.0000,1.0000,0.0000,0.0000,0.0000,0.0000
0.3761,307.6146,37.0000,609.0100,12.8948,135.4134,8.0000,20.0000,15.0000,2.0000,5.0000,0.8750,0.0000,0.0667,0.0000,0.0000
0.3761,264.3196,37.0000,602.7305,25.7690,114.5368,8.0000,20.0000,15.0000,2.0000,5.0000,1.0000,0.0000,0.0000,0.0000,0.0000
0.3761,324.1443,37.0000,640.9753,14.0841,147.3836,8.0000,20.0000,15.0000,2.0000,5.0000,1.0000,0.0000,0.0000,0.0000,0.0000
0.3761,360.1609,37.0000,628.8456,14.3189,162.1261,8.0000,20.0000,15.0000,2.0000,5.0000,1.0000,0.0000,0.0000,0.0000,0.0000
0.3761,279.0303,37.0000,603.7792,14.3189,115.3504,8.0000,20.0000,15.0000,2.0000,5.0000,1.0000,0.0000,0.0000,0.0000,0.0000
0.3761,270.2978,37.0000,618.7481,14.3189,111.9647,8.0000,20.0000,15.0000,2.0000,5.0000,1.0000,0.0000,0.0000,0.0000,0.0000
0.3761,271.6145,37.0000,631.9708,19.0706,115.7676,8.0000,20.0000,15.0000,2.0000,5.0000,1.0000,0.0000,0.0000,0.0000,0.0000
0.3761,286.3458,37.0000,604.8888,15.7132,112.1827,8.0000,20.0000,15.0000,2.0000,5.0000,1.0000,0.0000,0.0000,0.0000,0.0000
0.3761,273.0885,37.0000,655.1450,19.6354,119.0766,8.0000,20.0000,15.0000,2.0000,5.0000,1.0000,0.0000,0.0000,0.0000,0.0000
0.3761,304.4494,37.0000,671.0442,25.7473,152.0998,8.0000,20.0000,15.0000,2.0000,5.0000,1.0000,0.0000,0.0000,0.0000,0.0000
0.3761,303.9046,37.0000,618.2205,15.7132,130.6784,8.0000,20.0000,15.0000,2.0000,5.0000,1.0000,0.0000,0.0000,0.0000,0.0000
0.3761,265.0075,37.0000,635.8841,14.3189,119.6352,8.0000,20.0000,15.0000,2.0000,5.0000,1.0000,0.0000,0.0000,0.0000,0.0000
0.3761,268.4150,37.0000,611.0729,18.0565,118.6898,8.0000,20.0000,15.0000,2.0000,5.0000,1.0000,0.0000,0.0000,0.0000,0.0000
0.3761,265.3836,37.0000,619.8327,14.3189,121.3876,8.0000,20.0000,15.0000,2.0000,5.0000,1.0000,0.0000,0.0000,0.0000,0.0000
0.3761,258.4973,37.0000,606.5024,25.7473,116.4515,8.0000,20.0000,15.0000,2.0000,5.0000,1.0000,0.0000,0.0000,0.0000,0.0000
0.3761,258.7291,37.0000,588.7120,14.3189,119.2932,8.0000,20.0000,15.0000,2.0000,5.0000,1.0000,0.0000,0.0000,0.0000,0.0000
0.3761,260.4803,37.0000,595.6086,25.7690,111.2715,8.0000,20.0000,15.0000,2.0000,5.0000,1.0000,0.0000,0.0000,0.0000,0.0000
0.3761,261.6934,37.0000,646.0827,15.7132,116.1293,8.0000,20.0000,15.0000,2.0000,5.0000,1.0000,0.0000,0.0000,0.0000,0.0000
0.3761,255.0327,37.0000,609.4520,20.4061,111.5536,8.0000,20.0000,15.0000,2.0000,5.0000,1.0000,0.0000,0.0000,0.0000,0.0000
0.3761,238.6879,37.0000,594.3705,14.3189,112.6845,8.0000,20.0000,15.0000,2.0000,5.0000,1.0000,0.0000,0.0000,0.0000,0.0000
0.3761,245.2652,37.0000,626.6495,19.7076,118.4165,8.0000,20.0000,15.0000,2.0000,5.0000,1.0000,0.0000,0.0000,0.0000,0.0000
0.3761,241.3060,37.0000,609.3036,11.6703,119.7154,8.0000,20.0000,15.0000,2.0000,5.0000,1.0000,0.0000,0.0000,0.0000,0.0000
0.3761,277.2279,37.0000,612.9347,11.6703,157.9731,8.0000,20.0000,15.0000,2.0000,5.0000,1.0000,0.0000,0.0000,0.0000,0.0000
0.3761,264.6330,37.0000,618.8324,13.1028,113.2383,8.0000,20.0000,15.0000,2.0000,5.0000,1.0000,0.0000,0.0000,0.0000,0.0000
0.3761,255.4203,37.0000,617.6543,17.7705,113.2050,8.0000,20.0000,15.0000,2.0000,5.0000,1.0000,0.0000,0.0000,0.0000,0.0000
0.3761,241.5522,37.0000,616.9739,14.3189,119.9477,8.0000,20.0000,15.0000,2.0000,5.0000,1.0000,0.0000,0.0000,0.0000,0.0000
0.3761,250.3283,37.0000,598.9816,14.3189,110.8965,8.0000,20.0000,15.0000,2.0000,5.0000,1.0000,0.0000,0.0000,0.0000,0.0000
0.3761,295.4971,37.0000,616.4693,20.4061,125.3383,8.0000,20.0000,15.0000,2.0000,5.0000,1.0000,0.0000,0.0000,0.0000,0.0000
0.3761,272.2051,37.0000,614.2254,23.3849,115.4390,8.0000,20.0000,15.0000,2.0000,5.0000,1.0000,0.0000,0.0000,0.0000,0.0000
0.3761,245.7124,37.0000,602.4765,11.5956,108.9997,8.0000,20.0000,15.0000,2.0000,5.0000,0.8750,0.0000,0.0667,0.0000,0.0000
0.3761,259.0017,37.0000,631.5717,14.3189,112.2434,8.0000,20.0000,15.0000,2.0000,5.0000,1.0000,0.0000,0.0000,0.0000,0.0000
0.3761,274.9063,37.0000,633.3221,13.1110,113.8973,8.0000,20.0000,15.0000,2.0000,5.0000,1.0000,0.0000,0.0000,0.0000,0.0000
0.3761,284.2909,37.0000,625.8470,25.3904,112.0363,8.0000,20.0000,15.0000,2.0000,5.0000,1.0000,0.0000,0.0000,0.0000,0.0000
0.3761,283.9597,37.0000,618.9069,14.3189,116.4926,8.0000,20.0000,15.0000,2.0000,5.0000,1.0000,0.0000,0.0000,0.0000,0.0000
0.3761,267.0089,37.0000,598.7178,25.3384,112.8781,8.0000,20.0000,15.0000,2.0000,5.0000,1.0000,0.0000,0.0000,0.0000,0.0000
0.3761,268.3613,37.0000,640.2082,25.7473,116.0232,8.0000,20.0000,15.0000,2.0000,5.0000,1.0000,0.0000,0.0000,0.0000,0.0000
0.3761,256.0870,37.0000,640.4290,14.3189,118.8509,8.0000,20.0000,15.0000,2.0000,5.0000,1.0000,0.0000,0.0000,0.0000,0.0000
0.3761,261.7036,37.0000,629.7388,12.4034,115.4530,8.0000,20.0000,15.0000,2.0000,5.0000,1.0000,0.0000,0.0000,0.0000,0.0000
0.3761,241.9093,37.0000,597.5809,12.7558,114.9516,8.0000,20.0000,15.0000,2.0000,5.0000,1.0000,0.0000,0.0000,0.0000,0.0000
0.3761,251.5066,37.0000,620.3821,11.8559,120.3085,8.0000,20.0000,15.0000,2.0000,5.0000,1.0000,0.0000,0.0000,0.0000,0.0000
0.3761,248.2975,37.0000,619.0269,15.1841,117.8687,8.0000,20.0000,15.0000,2.0000,5.0000,1.0000,0.0000,0.0000,0.0000,0.0000
0.3761,247.5837,37.0000,631.3724,13.3789,115.3536,8.0000,20.0000,15.0000,2.0000,5.0000,1.0000,0.0000,0.0000,0.0000,0.0000
0.3761,260.5766,37.0000,636.9385,18.9019,119.1621,8.0000,20.0000,15.0000,2.0000,5.0000,1.0000,0.0000,0.0000,0.0000,0.0000
0.3761,265.0699,37.0000,611.5453,14.4610,115.3562,8.0000,20.0000,15.0000,2.0000,5.0000,1.0000,0.0000,0.0000,0.0000,0.0000
0.3761,258.9280,37.0000,603.9466,25.7473,109.0083,8.0000,20.0000,15.0000,2.0000,5.0000,1.0000,0.0000,0.0000,0.0000,0.0000
0.3761,262.9196,37.0000,645.2535,25.7473,116.9456,8.0000,20.0000,15.0000,2.0000,5.0000,1.0000,0.0000,0.0000,0.0000,0.0000
0.3761,250.9676,37.0000,635.2799,13.2507,115.5826,8.0000,20.0000,15.0000,2.0000,5.0000,1.0000,0.0000,0.0000,0.0000,0.0000
0.3761,274.0104,37.0000,626.8823,20.9556,118.2604,8.0000,20.0000,15.0000,2.0000,5.0000,1.0000,0.0000,0.0000,0.0000,0.0000
0.3761,259.8969,37.0000,606.1307,25.3967,113.4283,8.0000,20.0000,15.0000,2.0000,5.0000,1.0000,0.0000,0.0000,0.0000,0.0000
0.3761,291.8333,37.0000,610.3292,14.3189,135.8709,8.0000,20.0000,15.0000,2.0000,5.0000,1.0000,0.0000,0.0000,0.0000,0.0000
0.3761,280.2100,37.0000,636.8116,19.7076,116.9398,8.0000,20.0000,15.0000,2.0000,5.0000,1.0000,0.0000,0.0000,0.0000,0.0000
0.3761,256.0897,37.0000,629.1238,13.3789,117.7600,8.0000,20.0000,15.0000,2.0000,5.0000,1.0000,0.0000,0.0000,0.0000,0.0000
0.3761,261.1991,37.0000,626.9567,13.3789,115.7634,8.0000,20.0000,15.0000,2.0000,5.0000,1.0000,0.0000,0.0000,0.0000,0.0000
0.3761,275.1125,37.0000,621.7071,22.9383,119.6408,8.0000,20.0000,15.0000,2.0000,5.0000,1.0000,0.0000,0.0000,0.0000,0.0000
0.3761,266.7272,37.0000,635.1198,17.2557,118.1133,8.0000,20.0000,15.0000,2.0000,5.0000,1.0000,0.0000,0.0000,0.0000,0.0000
0.3761,312.4965,37.0000,650.5013,17.0668,144.6574,8.0000,20.0000,15.0000,2.0000,5.0000,1.0000,0.0000,0.0000,0.0000,0.0000
0.3761,272.0505,37.0000,623.6040,22.5512,112.0072,8.0000,20.0000,15.0000,2.0000,5.0000,1.0000,0.0000,0.0000,0.0000,0.0000
0.3761,276.7528,37.0000,627.3616,20.9174,129.0329,8.0000,20.0000,15.0000,2.0000,5.0000,0.8750,0.0000,0.0667,0.0000,0.0000
0.3761,286.0754,37.0000,609.9510,12.4342,141.8973,8.0000,20.0000,15.0000,2.0000,5.0000,1.0000,0.0000,0.0000,0.0000,0.0000
0.3761,264.4735,37.0000,612.8460,14.3189,116.3134,8.0000,20.0000,15.0000,2.0000,5.0000,1.0000,0.0000,0.0000,0.0000,0.0000
0.3761,277.9668,37.0000,615.0097,12.7558,114.6304,8.0000,20.0000,15.0000,2.0000,5.0000,0.8750,0.0000,0.0667,0.0000,0.0000
0.3761,265.0862,37.0000,624.8712,23.3849,111.9537,8.0000,20.0000,15.0000,2.0000,5.0000,1.0000,0.0000,0.0000,0.0000,0.0000
0.3761,233.4638,37.0000,620.0107,16.9837,114.3494,8.0000,20.0000,15.0000,2.0000,5.0000,1.0000,0.0000,0.0000,0.0000,0.0000
0.3761,235.0655,37.0000,628.1556,14.3189,114.9176,8.0000,20.0000,15.0000,2.0000,5.0000,1.0000,0.0000,0.0000,0.0000,0.0000
0.3761,239.9637,37.0000,626.8068,14.0763,113.0317,8.0000,20.0000,15.0000,2.0000,5.0000,1.0000,0.0000,0.0000,0.0000,0.0000
0.3761,243.1654,37.0000,609.8830,14.4610,112.0447,8.0000,20.0000,15.0000,2.0000,5.0000,1.0000,0.0000,0.0000,0.0000,0.0000
0.3761,243.5035,37.0000,603.2177,23.3849,109.6086,8.0000,20.0000,15.0000,2.0000,5.0000,1.0000,0.0000,0.0000,0.0000,0.0000
0.3761,235.6565,37.0000,607.8374,11.6703,113.0964,8.0000,20.0000,15.0000,2.0000,5.0000,1.0000,0.0000,0.0000,0.0000,0.0000
0.3761,247.4763,37.0000,613.8069,14.4610,114.2202,8.0000,20.0000,15.0000,2.0000,5.0000,1.0000,0.0000,0.0000,0.0000,0.0000
0.3761,239.7579,37.0000,614.8187,14.1328,112.3160,8.0000,20.0000,15.0000,2.0000,5.0000,1.0000,0.0000,0.0000,0.0000,0.0000
0.3761,235.6312,37.0000,625.8353,12.6105,114.8077,8.0000,20.0000,15.0000,2.0000,5.0000,1.0000,0.0000,0.0000,0.0000,0.0000
0.3761,269.3663,37.0000,635.9945,12.8532,161.8851,8.0000,20.0000,15.0000,2.0000,5.0000,1.0000,0.0000,0.0000,0.0000,0.0000
0.3761,235.1563,37.0000,601.8339,11.6703,110.1408,8.0000,20.0000,15.0000,2.0000,5.0000,1.0000,0.0000,0.0000,0.0000,0.0000
0.3761,324.7441,37.0000,597.8726,20.8221,164.0821,8.0000,20.0000,15.0000,2.0000,5.0000,1.0000,0.0000,0.0000,0.0000,0.0000
0.3761,302.4749,37.0000,634.4356,23.1682,163.0136,8.0000,20.0000,15.0000,2.0000,5.0000,1.0000,0.0000,0.0000,0.0000,0.0000
0.3761,281.4649,37.0000,625.0347,14.4610,154.4277,8.0000,20.0000,15.0000,2.0000,5.0000,1.0000,0.0000,0.0000,0.0000,0.0000
0.3761,232.5370,37.0000,612.1668,12.6560,112.4480,8.0000,20.0000,15.0000,2.0000,5.0000,1.0000,0.0000,0.0000,0.0000,0.0000
0.3761,242.7917,37.0000,620.8904,12.5079,110.7076,8.0000,20.0000,15.0000,2.0000,5.0000,1.0000,0.0000,0.0000,0.0000,0.0000
0.3761,243.8979,37.0000,611.7704,22.7338,111.2272,8.0000,20.0000,15.0000,2.0000,5.0000,1.0000,0.0000,0.0000,0.0000,0.0000
0.3761,241.3609,37.0000,620.9081,17.0668,113.1127,8.0000,20.0000,15.0000,2.0000,5.0000,1.0000,0.0000,0.0000,0.0000,0.0000
0.3761,236.1759,37.0000,606.1096,20.4061,108.7009,8.0000,20.0000,15.0000,2.0000,5.0000,1.0000,0.0000,0.0000,0.0000,0.0000
0.3761,239.9784,37.0000,626.0778,19.7076,113.5327,8.0000,20.0000,15.0000,2.0000,5.0000,1.0000,0.0000,0.0000,0.0000,0.0000
0.3761,241.1152,37.0000,622.5865,15.6329,114.6092,8.0000,20.0000,15.0000,2.0000,5.0000,1.0000,0.0000,0.0000,0.0000,0.0000
0.3761,244.4761,37.0000,628.5746,19.7289,114.3261,8.0000,20.0000,15.0000,2.0000,5.0000,1.0000,0.0000,0.0000,0.0000,0.0000
0.3761,235.6804,37.0000,618.0916,13.0016,116.4063,8.0000,20.0000,15.0000,2.0000,5.0000,1.0000,0.0000,0.0000,0.0000,0.0000
0.3761,240.5703,37.0000,608.9888,22.7790,109.5831,8.0000,20.0000,15.0000,2.0000,5.0000,1.0000,0.0000,0.0000,0.0000,0.0000
0.3761,240.3886,37.0000,598.2081,23.3849,108.7348,8.0000,20.0000,15.0000,2.0000,5.0000,1.0000,0.0000,0.0000,0.0000,0.0000
0.3761,234.3416,37.0000,625.2312,23.3849,118.0426,8.0000,20.0000,15.0000,2.0000,5.0000,1.0000,0.0000,0.0000,0.0000,0.0000
0.3761,236.2013,37.0000,645.7833,14.6441,114.6953,8.0000,20.0000,15.0000,2.0000,5.0000,0.8750,0.0000,0.0667,0.0000,0.0000
0.3761,233.7173,37.0000,617.3764,14.6441,115.3991,8.0000,20.0000,15.0000,2.0000,5.0000,0.8750,0.0000,0.0667,0.0000,0.0000
0.3761,232.9662,37.0000,623.5166,18.2694,114.0158,8.0000,20.0000,15.0000,2.0000,5.0000,1.0000,0.0000,0.0000,0.0000,0.0000
0.3761,240.0428,37.0000,613.5254,13.3789,114.5718,8.0000,20.0000,15.0000,2.0000,5.0000,1.0000,0.0000,0.0000,0.0000,0.0000
0.3761,230.4934,37.0000,630.8112,18.2694,118.2762,8.0000,20.0000,15.0000,2.0000,5.0000,1.0000,0.0000,0.0000,0.0000,0.0000
0.3761,232.3573,37.0000,634.2947,14.3189,117.4078,8.0000,20.0000,15.0000,2.0000,5.0000,1.0000,0.0000,0.0000,0.0000,0.0000
0.3761,229.0436,37.0000,625.5621,14.4610,119.8473,8.0000,20.0000,15.0000,2.0000,5.0000,1.0000,0.0000,0.0000,0.0000,0.0000
0.3761,230.9961,37.0000,612.0102,17.4000,115.5942,8.0000,20.0000,15.0000,2.0000,5.0000,1.0000,0.0000,0.0000,0.0000,0.0000
0.3761,236.4035,37.0000,601.0147,15.1841,111.6149,8.0000,20.0000,15.0000,2.0000,5.0000,1.0000,0.0000,0.0000,0.0000,0.0000
0.3761,232.6166,37.0000,609.4685,17.7801,114.4813,8.0000,20.0000,15.0000,2.0000,5.0000,0.8750,0.0000,0.0667,0.0000,0.0000
0.3761,235.3094,37.0000,641.0057,18.2694,116.4804,8.0000,20.0000,15.0000,2.0000,5.0000,1.0000,0.0000,0.0000,0.0000,0.0000
0.3761,231.6626,37.0000,626.1885,14.4610,111.1526,8.0000,20.0000,15.0000,2.0000,5.0000,1.0000,0.0000,0.0000,0.0000,0.0000
0.3761,235.5105,37.0000,606.6800,14.6441,111.8172,8.0000,20.0000,15.0000,2.0000,5.0000,1.0000,0.0000,0.0000,0.0000,0.0000
0.3761,231.8271,37.0000,621.3761,11.9347,113.4616,8.0000,20.0000,15.0000,2.0000,5.0000,1.0000,0.0000,0.0000,0.0000,0.0000
0.3761,232.2365,37.0000,628.6630,18.2694,117.7408,8.0000,20.0000,15.0000,2.0000,5.0000,1.0000,0.0000,0.0000,0.0000,0.0000
0.3761,230.7240,37.0000,635.8261,12.7213,118.1123,8.0000,20.0000,15.0000,2.0000,5.0000,1.0000,0.0000,0.0000,0.0000,0.0000
0.3761,223.7328,37.0000,682.5972,18.2694,122.9504,8.0000,20.0000,15.0000,2.0000,5.0000,1.0000,0.0000,0.0000,0.0000,0.0000
0.3761,226.8771,37.0000,647.4481,18.2694,123.8703,8.0000,20.0000,15.0000,2.0000,5.0000,1.0000,0.0000,0.0000,0.0000,0.0000
0.3761,227.4424,37.0000,587.5969,18.2694,111.1360,8.0000,20.0000,15.0000,2.0000,5.0000,0.6250,0.0000,0.2000,0.0000,0.0000
0.3761,225.9292,37.0000,617.2923,13.3789,112.4230,8.0000,20.0000,15.0000,2.0000,5.0000,1.0000,0.0000,0.0000,0.0000,0.0000
0.3761,223.9338,37.0000,643.9624,12.0900,120.2765,8.0000,20.0000,15.0000,2.0000,5.0000,1.0000,0.0000,0.0000,0.0000,0.0000
0.3761,222.4014,37.0000,639.6968,14.6441,118.3807,8.0000,20.0000,15.0000,2.0000,5.0000,1.0000,0.0000,0.0000,0.0000,0.0000
0.3761,225.6067,37.0000,619.9753,11.6703,116.0048,8.0000,20.0000,15.0000,2.0000,5.0000,0.8750,0.0000,0.0667,0.0000,0.0000
0.3761,228.3194,37.0000,619.4229,12.1408,113.7383,8.0000,20.0000,15.0000,2.0000,5.0000,1.0000,0.0000,0.0000,0.0000,0.0000
0.3761,229.6018,37.0000,608.7318,19.9974,112.1726,8.0000,20.0000,15.0000,2.0000,5.0000,1.0000,0.0000,0.0000,0.0000,0.0000
0.3761,226.2481,37.0000,636.5874,23.3849,117.2404,8.0000,20.0000,15.0000,2.0000,5.0000,0.8750,0.0500,0.0000,0.0000,0.0000
0.3761,233.0549,37.0000,641.0716,23.3849,116.1491,8.0000,20.0000,15.0000,2.0000,5.0000,1.0000,0.0000,0.0000,0.0000,0.0000
0.3761,229.7746,37.0000,618.4349,19.9649,112.3616,8.0000,20.0000,15.0000,2.0000,5.0000,1.0000,0.0000,0.0000,0.0000,0.0000
0.3761,224.4140,37.0000,643.0632,21.3813,120.0842,8.0000,20.0000,15.0000,2.0000,5.0000,1.0000,0.0000,0.0000,0.0000,0.0000
0.3761,218.8168,37.0000,616.1295,17.0668,112.5791,8.0000,20.0000,15.0000,2.0000,5.0000,1.0000,0.0000,0.0000,0.0000,0.0000
0.3761,224.7371,37.0000,621.4770,13.9536,117.4098,8.0000,20.0000,15.0000,2.0000,5.0000,1.0000,0.0000,0.0000,0.0000,0.0000
0.3761,272.9476,37.0000,619.2839,23.3849,116.1031,8.0000,20.0000,15.0000,2.0000,5.0000,1.0000,0.0000,0.0000,0.0000,0.0000
0.3761,260.5693,37.0000,629.7216,18.2969,121.9376,8.0000,20.0000,15.0000,2.0000,5.0000,1.0000,0.0000,0.0000,0.0000,0.0000
0.3761,245.5326,37.0000,632.1357,18.6000,110.3636,8.0000,20.0000,15.0000,2.0000,5.0000,0.8750,0.0000,0.0667,0.0000,0.0000
0.3761,243.8288,37.0000,647.2517,18.7059,112.9548,8.0000,20.0000,15.0000,2.0000,5.0000,1.0000,0.0000,0.0000,0.0000,0.0000
0.3761,236.0086,37.0000,616.3213,19.1081,114.0103,8.0000,20.0000,15.0000,2.0000,5.0000,1.0000,0.0000,0.0000,0.0000,0.0000
0.3761,238.6243,37.0000,631.9695,11.6703,117.0841,8.0000,20.0000,15.0000,2.0000,5.0000,1.0000,0.0000,0.0000,0.0000,0.0000
0.3761,228.8085,37.0000,598.7378,18.8498,111.3338,8.0000,20.0000,15.0000,2.0000,5.0000,1.0000,0.0000,0.0000,0.0000,0.0000
0.3761,233.0652,37.0000,639.1914,11.6703,119.7902,8.0000,20.0000,15.0000,2.0000,5.0000,1.0000,0.0000,0.0000,0.0000,0.0000
0.3761,225.9297,37.0000,619.4263,14.3189,115.1284,8.0000,20.0000,15.0000,2.0000,5.0000,1.0000,0.0000,0.0000,0.0000,0.0000
0.3761,240.2735,37.0000,644.4890,11.6703,111.6624,8.0000,20.0000,15.0000,2.0000,5.0000,1.0000,0.0000,0.0000,0.0000,0.0000
0.3761,244.2477,37.0000,644.9691,14.7169,119.7257,8.0000,20.0000,15.0000,2.0000,5.0000,1.0000,0.0000,0.0000,0.0000,0.0000
0.3761,240.7869,37.0000,617.3172,14.7169,113.1184,8.0000,20.0000,15.0000,2.0000,5.0000,1.0000,0.0000,0.0000,0.0000,0.0000
0.3761,239.8707,37.0000,619.8642,13.6714,114.4382,8.0000,20.0000,15.0000,2.0000,5.0000,1.0000,0.0000,0.0000,0.0000,0.0000
0.3761,235.4482,37.0000,631.6232,11.6703,119.7840,8.0000,20.0000,15.0000,2.0000,5.0000,1.0000,0.0000,0.0000,0.0000,0.0000
0.3761,234.2627,37.0000,633.3101,19.7076,114.3982,8.0000,20.0000,15.0000,2.0000,5.0000,1.0000,0.0000,0.0000,0.0000,0.0000
0.3761,248.0096,37.0000,661.2709,20.5887,117.6524,8.0000,20.0000,15.0000,2.0000,5.0000,1.0000,0.0000,0.0000,0.0000,0.0000
0.3761,282.0633,37.0000,665.1657,23.3849,147.6084,8.0000,20.0000,15.0000,2.0000,5.0000,1.0000,0.0000,0.0000,0.0000,0.0000
0.3761,242.9800,37.0000,612.6979,23.3849,112.0579,8.0000,20.0000,15.0000,2.0000,5.0000,1.0000,0.0000,0.0000,0.0000,0.0000
0.3761,239.0010,37.0000,611.0174,18.9668,111.6648,8.0000,20.0000,15.0000,2.0000,5.0000,1.0000,0.0000,0.0000,0.0000,0.0000
0.3761,238.3538,37.0000,642.4479,17.8317,115.5878,8.0000,20.0000,15.0000,2.0000,5.0000,1.0000,0.0000,0.0000,0.0000,0.0000
0.3761,244.4011,37.0000,646.2820,23.3849,113.0509,8.0000,20.0000,15.0000,2.0000,5.0000,1.0000,0.0000,0.0000,0.0000,0.0000
0.3761,249.8878,37.0000,647.4129,16.8088,111.5209,8.0000,20.0000,15.0000,2.0000,5.0000,1.0000,0.0000,0.0000,0.0000,0.0000
0.3761,244.3388,37.0000,622.6056,16.8088,112.2246,8.0000,20.0000,15.0000,2.0000,5.0000,1.0000,0.0000,0.0000,0.0000,0.0000
0.3761,252.1019,37.0000,620.4796,14.4610,110.1447,8.0000,20.0000,15.0000,2.0000,5.0000,1.0000,0.0000,0.0000,0.0000,0.0000
0.3761,235.2233,37.0000,605.8954,11.6703,111.8527,8.0000,20.0000,15.0000,2.0000,5.0000,1.0000,0.0000,0.0000,0.0000,0.0000
0.3761,291.1593,37.0000,660.3398,23.3849,162.1097,8.0000,20.0000,15.0000,2.0000,5.0000,1.0000,0.0000,0.0000,0.0000,0.0000
0.3761,243.5751,37.0000,624.3941,23.3849,108.5098,8.0000,20.0000,15.0000,2.0000,5.0000,1.0000,0.0000,0.0000,0.0000,0.0000
0.3761,231.7386,37.0000,613.0235,11.4157,110.0470,8.0000,20.0000,15.0000,2.0000,5.0000,1.0000,0.0000,0.0000,0.0000,0.0000
0.3761,233.7232,37.0000,643.3517,15.9432,118.9221,8.0000,20.0000,15.0000,2.0000,5.0000,1.0000,0.0000,0.0000,0.0000,0.0000
0.3761,234.6604,37.0000,653.3304,14.3189,117.5876,8.0000,20.0000,15.0000,2.0000,5.0000,1.0000,0.0000,0.0000,0.0000,0.0000
0.3761,229.3997,37.0000,639.5396,11.5122,115.8853,8.0000,20.0000,15.0000,2.0000,5.0000,1.0000,0.0000,0.0000,0.0000,0.0000
0.3761,323.4788,37.0000,654.0123,18.6000,173.2921,8.0000,20.0000,15.0000,2.0000,5.0000,1.0000,0.0000,0.0000,0.0000,0.0000
0.3761,308.8208,37.0000,649.8926,23.3849,166.8833,8.0000,20.0000,15.0000,2.0000,5.0000,1.0000,0.0000,0.0000,0.0000,0.0000
0.3761,243.5010,37.0000,655.5793,11.5122,117.1964,8.0000,20.0000,15.0000,2.0000,5.0000,1.0000,0.0000,0.0000,0.0000,0.0000
0.3761,249.4817,37.0000,634.1828,14.3189,115.1309,8.0000,20.0000,15.0000,2.0000,5.0000,1.0000,0.0000,0.0000,0.0000,0.0000
0.3761,245.6816,37.0000,621.3058,19.1081,115.4236,8.0000,20.0000,15.0000,2.0000,5.0000,1.0000,0.0000,0.0000,0.0000,0.0000
0.3761,323.8839,37.0000,651.7688,14.4610,173.9350,8.0000,20.0000,15.0000,2.0000,5.0000,1.0000,0.0000,0.0000,0.0000,0.0000
0.3761,272.3439,37.0000,628.1340,23.3849,135.0500,8.0000,20.0000,15.0000,2.0000,5.0000,1.0000,0.0000,0.0000,0.0000,0.0000
0.3761,236.2328,37.0000,625.7033,15.9432,109.9010,8.0000,20.0000,15.0000,2.0000,5.0000,1.0000,0.0000,0.0000,0.0000,0.0000
0.3761,247.0942,37.0000,624.3558,23.3849,111.7682,8.0000,20.0000,15.0000,2.0000,5.0000,1.0000,0.0000,0.0000,0.0000,0.0000
0.3761,246.0712,37.0000,613.4105,13.0445,109.4841,8.0000,20.0000,15.0000,2.0000,5.0000,1.0000,0.0000,0.0000,0.0000,0.0000
0.3761,258.4341,37.0000,631.4233,23.3849,106.8808,8.0000,20.0000,15.0000,2.0000,5.0000,1.0000,0.0000,0.0000,0.0000,0.0000
0.3761,261.0927,37.0000,616.9160,20.5335,107.0565,8.0000,20.0000,15.0000,2.0000,5.0000,1.0000,0.0000,0.0000,0.0000,0.0000
0.3761,249.4916,37.0000,626.2647,22.7305,112.0276,8.0000,20.0000,15.0000,2.0000,5.0000,1.0000,0.0000,0.0000,0.0000,0.0000
0.3761,255.6199,37.0000,648.1556,23.3849,115.4876,8.0000,20.0000,15.0000,2.0000,5.0000,1.0000,0.0000,0.0000,0.0000,0.0000
0.3761,254.5284,37.0000,640.9498,23.3849,107.8932,8.0000,20.0000,15.0000,2.0000,5.0000,1.0000,0.0000,0.0000,0.0000,0.0000
0.3761,283.5505,37.0000,630.6404,15.7463,140.6752,8.0000,20.0000,15.0000,2.0000,5.0000,1.0000,0.0000,0.0000,0.0000,0.0000
0.3761,246.9893,37.0000,635.1846,14.3189,113.9930,8.0000,20.0000,15.0000,2.0000,5.0000,1.0000,0.0000,0.0000,0.0000,0.0000
0.3761,253.4277,37.0000,635.0431,14.6441,113.4061,8.0000,20.0000,15.0000,2.0000,5.0000,1.0000,0.0000,0.0000,0.0000,0.0000
0.3761,251.3981,37.0000,635.0164,18.9019,113.1896,8.0000,20.0000,15.0000,2.0000,5.0000,1.0000,0.0000,0.0000,0.0000,0.0000
0.3761,244.0080,37.0000,627.0948,23.3849,115.8306,8.0000,20.0000,15.0000,2.0000,5.0000,1.0000,0.0000,0.0000,0.0000,0.0000
0.3761,245.2746,37.0000,631.0483,22.2552,116.1467,8.0000,20.0000,15.0000,2.0000,5.0000,1.0000,0.0000,0.0000,0.0000,0.0000
0.3761,282.1468,37.0000,612.4599,15.7072,152.3226,8.0000,20.0000,15.0000,2.0000,5.0000,1.0000,0.0000,0.0000,0.0000,0.0000
0.3761,255.3027,37.0000,629.9940,23.3849,113.2926,8.0000,20.0000,15.0000,2.0000,5.0000,1.0000,0.0000,0.0000,0.0000,0.0000
0.3761,248.9920,37.0000,612.0043,19.9649,110.7483,8.0000,20.0000,15.0000,2.0000,5.0000,1.0000,0.0000,0.0000,0.0000,0.0000
0.3761,244.3819,37.0000,624.2660,23.3849,114.5779,8.0000,20.0000,15.0000,2.0000,5.0000,1.0000,0.0000,0.0000,0.0000,0.0000
0.3761,240.1192,37.0000,600.9228,16.2844,106.7827,8.0000,20.0000,15.0000,2.0000,5.0000,1.0000,0.0000,0.0000,0.0000,0.0000
0.3761,239.2296,37.0000,623.7391,16.2844,114.7191,8.0000,20.0000,15.0000,2.0000,5.0000,1.0000,0.0000,0.0000,0.0000,0.0000
0.3761,247.2996,37.0000,646.8735,13.3789,115.6400,8.0000,20.0000,15.0000,2.0000,5.0000,1.0000,0.0000,0.0000,0.0000,0.0000
0.3761,240.5301,37.0000,650.2256,13.3789,117.9097,8.0000,20.0000,15.0000,2.0000,5.0000,1.0000,0.0000,0.0000,0.0000,0.0000
0.3761,236.2794,37.0000,629.2733,11.6703,112.3755,8.0000,20.0000,15.0000,2.0000,5.0000,1.0000,0.0000,0.0000,0.0000,0.0000
0.3761,229.1402,37.0000,616.0350,11.6703,115.3729,8.0000,20.0000,15.0000,2.0000,5.0000,1.0000,0.0000,0.0000,0.0000,0.0000
0.3761,243.0274,37.0000,631.0270,23.3849,111.9355,8.0000,20.0000,15.0000,2.0000,5.0000,1.0000,0.0000,0.0000,0.0000,0.0000
0.3761,239.6328,37.0000,637.4925,23.3849,115.7460,8.0000,20.0000,15.0000,2.0000,5.0000,1.0000,0.0000,0.0000,0.0000,0.0000
0.3761,238.1809,37.0000,622.5767,16.4701,113.1694,8.0000,20.0000,15.0000,2.0000,5.0000,1.0000,0.0000,0.0000,0.0000,0.0000
0.3761,242.5057,37.0000,647.5728,14.4610,117.2435,8.0000,20.0000,15.0000,2.0000,5.0000,0.8750,0.0000,0.0667,0.0000,0.0000
0.3761,237.1960,37.0000,594.0111,23.3849,110.9032,8.0000,20.0000,15.0000,2.0000,5.0000,1.0000,0.0000,0.0000,0.0000,0.0000
0.3761,234.9201,37.0000,623.7352,11.5122,109.7607,8.0000,20.0000,15.0000,2.0000,5.0000,1.0000,0.0000,0.0000,0.0000,0.0000
0.3761,238.2238,37.0000,625.0081,14.4610,112.5829,8.0000,20.0000,15.0000,2.0000,5.0000,1.0000,0.0000,0.0000,0.0000,0.0000
0.3761,250.5493,37.0000,632.0768,19.1081,115.3630,8.0000,20.0000,15.0000,2.0000,5.0000,1.0000,0.0000,0.0000,0.0000,0.0000
0.3761,241.5477,37.0000,636.7071,11.2412,117.4360,8.0000,20.0000,15.0000,2.0000,5.0000,1.0000,0.0000,0.0000,0.0000,0.0000
0.3761,250.7997,37.0000,620.6506,16.3669,112.6255,8.0000,20.0000,15.0000,2.0000,5.0000,1.0000,0.0000,0.0000,0.0000,0.0000
0.3761,244.0575,37.0000,639.6312,20.7215,115.2420,8.0000,20.0000,15.0000,2.0000,5.0000,1.0000,0.0000,0.0000,0.0000,0.0000
0.3761,238.6618,37.0000,678.8636,15.1841,119.0293,8.0000,20.0000,15.0000,2.0000,5.0000,1.0000,0.0000,0.0000,0.0000,0.0000
0.3761,229.9082,37.0000,628.6566,14.4546,117.4129,8.0000,20.0000,15.0000,2.0000,5.0000,1.0000,0.0000,0.0000,0.0000,0.0000
0.3761,234.3440,37.0000,621.9589,11.6703,114.1709,8.0000,20.0000,15.0000,2.0000,5.0000,1.0000,0.0000,0.0000,0.0000,0.0000
0.3761,241.1394,37.0000,636.2249,11.5122,115.3065,8.0000,20.0000,15.0000,2.0000,5.0000,1.0000,0.0000,0.0000,0.0000,0.0000
0.3761,242.9394,37.0000,634.5748,11.5122,112.9814,8.0000,20.0000,15.0000,2.0000,5.0000,1.0000,0.0000,0.0000,0.0000,0.0000
0.3761,251.7343,37.0000,593.9823,23.3849,107.3140,8.0000,20.0000,15.0000,2.0000,5.0000,1.0000,0.0000,0.0000,0.0000,0.0000
0.3761,244.2760,37.0000,609.5113,22.6087,111.3476,8.0000,20.0000,15.0000,2.0000,5.0000,1.0000,0.0000,0.0000,0.0000,0.0000
0.3761,239.1501,37.0000,633.5571,22.6087,117.6161,8.0000,20.0000,15.0000,2.0000,5.0000,1.0000,0.0000,0.0000,0.0000,0.0000
0.3761,246.0539,37.0000,616.3056,18.2969,111.6771,8.0000,20.0000,15.0000,2.0000,5.0000,1.0000,0.0000,0.0000,0.0000,0.0000
0.3761,242.5220,37.0000,604.4044,13.3789,110.4545,8.0000,20.0000,15.0000,2.0000,5.0000,1.0000,0.0000,0.0000,0.0000,0.0000
0.3761,251.9044,37.0000,665.3029,17.3208,113.9677,8.0000,20.0000,15.0000,2.0000,5.0000,1.0000,0.0000,0.0000,0.0000,0.0000
0.3761,245.3140,37.0000,657.3682,20.7833,115.3727,8.0000,20.0000,15.0000,2.0000,5.0000,1.0000,0.0000,0.0000,0.0000,0.0000
0.3761,256.2808,37.0000,623.0064,16.1259,111.2751,8.0000,20.0000,15.0000,2.0000,5.0000,1.0000,0.0000,0.0000,0.0000,0.0000
0.3761,302.4254,37.0000,615.1314,18.0910,161.0818,8.0000,20.0000,15.0000,2.0000,5.0000,1.0000,0.0000,0.0000,0.0000,0.0000
0.3761,243.1256,37.0000,615.7608,17.1261,110.2801,8.0000,20.0000,15.0000,2.0000,5.0000,1.0000,0.0000,0.0000,0.0000,0.0000
0.3761,241.2414,37.0000,620.3809,20.9279,110.9603,8.0000,20.0000,15.0000,2.0000,5.0000,1.0000,0.0000,0.0000,0.0000,0.0000
0.3761,252.0567,37.0000,663.6870,11.6703,119.0388,8.0000,20.0000,15.0000,2.0000,5.0000,1.0000,0.0000,0.0000,0.0000,0.0000
0.3761,242.1973,37.0000,636.7855,11.6703,113.7791,8.0000,20.0000,15.0000,2.0000,5.0000,1.0000,0.0000,0.0000,0.0000,0.0000
0.3761,232.5351,37.0000,629.6875,11.6703,112.3991,8.0000,20.0000,15.0000,2.0000,5.0000,1.0000,0.0000,0.0000,0.0000,0.0000
0.3761,232.8684,37.0000,651.9071,11.6703,116.6915,8.0000,20.0000,15.0000,2.0000,5.0000,1.0000,0.0000,0.0000,0.0000,0.0000
0.3761,239.1298,37.0000,630.6655,11.6703,115.8408,8.0000,20.0000,15.0000,2.0000,5.0000,1.0000,0.0000,0.0000,0.0000,0.0000
0.3761,241.5760,37.0000,620.1712,25.7473,111.6646,8.0000,20.0000,15.0000,2.0000,5.0000,1.0000,0.0000,0.0000,0.0000,0.0000
0.3761,249.7988,37.0000,600.7768,16.3669,107.4112,8.0000,20.0000,15.0000,2.0000,5.0000,1.0000,0.0000,0.0000,0.0000,0.0000
0.3761,248.4483,37.0000,609.7005,26.9637,110.5750,8.0000,20.0000,15.0000,2.0000,5.0000,1.0000,0.0000,0.0000,0.0000,0.0000
0.3761,239.5166,37.0000,625.4946,18.6000,111.9687,8.0000,20.0000,15.0000,2.0000,5.0000,1.0000,0.0000,0.0000,0.0000,0.0000
0.3761,231.6817,37.0000,614.0129,13.3789,111.5297,8.0000,20.0000,15.0000,2.0000,5.0000,1.0000,0.0000,0.0000,0.0000,0.0000
0.3761,236.6460,37.0000,621.6834,20.5868,114.8535,8.0000,20.0000,15.0000,2.0000,5.0000,1.0000,0.0000,0.0000,0.0000,0.0000
0.3761,234.3715,37.0000,622.6558,11.6703,115.2220,8.0000,20.0000,15.0000,2.0000,5.0000,1.0000,0.0000,0.0000,0.0000,0.0000
0.3761,232.6961,37.0000,637.9048,14.3189,116.7910,8.0000,20.0000,15.0000,2.0000,5.0000,1.0000,0.0000,0.0000,0.0000,0.0000
0.3761,245.0760,37.0000,669.5517,12.1018,117.4974,8.0000,20.0000,15.0000,2.0000,5.0000,1.0000,0.0000,0.0000,0.0000,0.0000
0.3761,248.0215,37.0000,622.6400,14.4091,108.8048,8.0000,20.0000,15.0000,2.0000,5.0000,1.0000,0.0000,0.0000,0.0000,0.0000
0.3761,240.1363,37.0000,600.0303,20.9561,108.2322,8.0000,20.0000,15.0000,2.0000,5.0000,1.0000,0.0000,0.0000,0.0000,0.0000
0.3761,237.5767,37.0000,603.2909,23.3849,111.5959,8.0000,20.0000,15.0000,2.0000,5.0000,1.0000,0.0000,0.0000,0.0000,0.0000
0.3761,242.3542,37.0000,645.1524,24.1192,118.6912,8.0000,20.0000,15.0000,2.0000,5.0000,1.0000,0.0000,0.0000,0.0000,0.0000
0.3761,280.3985,37.0000,639.0336,19.9649,154.0273,8.0000,20.0000,15.0000,2.0000,5.0000,1.0000,0.0000,0.0000,0.0000,0.0000
0.3761,291.5152,37.0000,646.9066,14.6441,173.3493,8.0000,20.0000,15.0000,2.0000,5.0000,1.0000,0.0000,0.0000,0.0000,0.0000
0.3761,237.0584,37.0000,619.8524,18.9019,112.4400,8.0000,20.0000,15.0000,2.0000,5.0000,1.0000,0.0000,0.0000,0.0000,0.0000
0.3761,239.3951,37.0000,637.2769,19.1081,115.6485,8.0000,20.0000,15.0000,2.0000,5.0000,1.0000,0.0000,0.0000,0.0000,0.0000
0.3761,241.8000,37.0000,676.5360,14.8549,119.9205,8.0000,20.0000,15.0000,2.0000,5.0000,1.0000,0.0000,0.0000,0.0000,0.0000
0.3761,244.8351,37.0000,663.4074,15.7134,114.3762,8.0000,20.0000,15.0000,2.0000,5.0000,1.0000,0.0000,0.0000,0.0000,0.0000
0.3761,238.4853,37.0000,653.1578,22.2262,120.3338,8.0000,20.0000,15.0000,2.0000,5.0000,1.0000,0.0000,0.0000,0.0000,0.0000
0.3761,239.4174,37.0000,658.8701,26.8545,116.4405,8.0000,20.0000,15.0000,2.0000,5.0000,1.0000,0.0000,0.0000,0.0000,0.0000
0.3761,242.1156,37.0000,623.1850,17.0668,111.3624,8.0000,20.0000,15.0000,2.0000,5.0000,1.0000,0.0000,0.0000,0.0000,0.0000
0.3761,277.2412,37.0000,635.2449,18.8498,145.1338,8.0000,20.0000,15.0000,2.0000,5.0000,1.0000,0.0000,0.0000,0.0000,0.0000
0.3761,274.0059,37.0000,614.9029,18.8498,114.6104,8.0000,20.0000,15.0000,2.0000,5.0000,1.0000,0.0000,0.0000,0.0000,0.0000
0.3761,355.1318,37.0000,598.5449,21.3050,145.1931,8.0000,20.0000,15.0000,2.0000,5.0000,1.0000,0.0000,0.0000,0.0000,0.0000
0.3761,283.7871,37.0000,645.3850,25.6179,125.6273,8.0000,20.0000,15.0000,2.0000,5.0000,1.0000,0.0000,0.0000,0.0000,0.0000
0.3761,306.8149,37.0000,690.2191,11.6703,138.2691,8.0000,20.0000,15.0000,2.0000,5.0000,1.0000,0.0000,0.0000,0.0000,0.0000
0.3761,253.2335,37.0000,611.6514,28.0579,110.6371,8.0000,20.0000,15.0000,2.0000,5.0000,1.0000,0.0000,0.0000,0.0000,0.0000
0.3761,226.9094,37.0000,612.6162,13.3789,113.5158,8.0000,20.0000,15.0000,2.0000,5.0000,1.0000,0.0000,0.0000,0.0000,0.0000
0.3761,232.3626,37.0000,608.2884,18.9019,112.1483,8.0000,20.0000,15.0000,2.0000,5.0000,1.0000,0.0000,0.0000,0.0000,0.0000
0.3761,245.5707,37.0000,684.1712,11.5122,120.4646,8.0000,20.0000,15.0000,2.0000,5.0000,1.0000,0.0000,0.0000,0.0000,0.0000
0.3761,234.3973,37.0000,654.2129,11.5122,120.8671,8.0000,20.0000,15.0000,2.0000,5.0000,0.7500,0.0000,0.1333,0.0000,0.0000
0.3761,277.8782,37.0000,661.8517,11.5122,161.9724,8.0000,20.0000,15.0000,2.0000,5.0000,1.0000,0.0000,0.0000,0.0000,0.0000
0.3761,251.5900,37.0000,630.0738,11.5122,131.1390,8.0000,20.0000,15.0000,2.0000,5.0000,1.0000,0.0000,0.0000,0.0000,0.0000
0.3761,272.3233,37.0000,661.8597,11.5122,145.4975,8.0000,20.0000,15.0000,2.0000,5.0000,1.0000,0.0000,0.0000,0.0000,0.0000
0.3761,287.4693,37.0000,617.2577,11.5122,145.7063,8.0000,20.0000,15.0000,2.0000,5.0000,1.0000,0.0000,0.0000,0.0000,0.0000
0.3761,243.1908,37.0000,623.0214,11.5122,114.7405,8.0000,20.0000,15.0000,2.0000,5.0000,1.0000,0.0000,0.0000,0.0000,0.0000
0.3761,236.9914,37.0000,639.0558,11.5122,119.0803,8.0000,20.0000,15.0000,2.0000,5.0000,1.0000,0.0000,0.0000,0.0000,0.0000
0.3761,240.8934,37.0000,621.3861,11.5122,112.8235,8.0000,20.0000,15.0000,2.0000,5.0000,1.0000,0.0000,0.0000,0.0000,0.0000
0.3761,247.1021,37.0000,635.1869,11.5122,110.6237,8.0000,20.0000,15.0000,2.0000,5.0000,1.0000,0.0000,0.0000,0.0000,0.0000
0.3761,258.2144,37.0000,623.6984,18.7035,111.3436,8.0000,20.0000,15.0000,2.0000,5.0000,0.8750,0.0500,0.0000,0.0000,0.0000
0.3761,256.9308,37.0000,642.2975,28.1960,115.8391,8.0000,20.0000,15.0000,2.0000,5.0000,1.0000,0.0000,0.0000,0.0000,0.0000
0.3761,248.4549,37.0000,646.0302,16.5471,118.6358,8.0000,20.0000,15.0000,2.0000,5.0000,1.0000,0.0000,0.0000,0.0000,0.0000
0.3761,244.7721,37.0000,646.5977,13.7302,120.0165,8.0000,20.0000,15.0000,2.0000,5.0000,1.0000,0.0000,0.0000,0.0000,0.0000
0.3761,241.3151,37.0000,628.0153,11.6703,117.8322,8.0000,20.0000,15.0000,2.0000,5.0000,1.0000,0.0000,0.0000,0.0000,0.0000
0.3761,239.4258,37.0000,609.0757,11.5122,111.4245,8.0000,20.0000,15.0000,2.0000,5.0000,1.0000,0.0000,0.0000,0.0000,0.0000
0.3761,247.0693,37.0000,644.3796,21.1882,117.2225,8.0000,20.0000,15.0000,2.0000,5.0000,1.0000,0.0000,0.0000,0.0000,0.0000
0.3761,253.7449,37.0000,632.0204,16.5471,111.6050,8.0000,20.0000,15.0000,2.0000,5.0000,0.8750,0.0500,0.0000,0.0000,0.0000
0.3761,251.0280,37.0000,659.1739,20.1038,121.5108,8.0000,20.0000,15.0000,2.0000,5.0000,0.8750,0.0000,0.0667,0.0000,0.0000
0.3761,250.7557,37.0000,666.8725,19.5607,117.5098,8.0000,20.0000,15.0000,2.0000,5.0000,1.0000,0.0000,0.0000,0.0000,0.0000
0.3761,244.5419,37.0000,626.8384,14.7169,115.6742,8.0000,20.0000,15.0000,2.0000,5.0000,1.0000,0.0000,0.0000,0.0000,0.0000
0.3761,263.3684,37.0000,630.9371,10.8569,113.6577,8.0000,20.0000,15.0000,2.0000,5.0000,1.0000,0.0000,0.0000,0.0000,0.0000
0.3761,253.6621,37.0000,601.9328,18.8498,105.9308,8.0000,20.0000,15.0000,2.0000,5.0000,1.0000,0.0000,0.0000,0.0000,0.0000
